time,x,y,vx,vz,eta,distance_remaining,recoveries,battery
28.3,0.019405378475809698,0.001921557794897888,0.0,0.0,0.0,0.0,0,100.0
28.3,0.019405372770440188,0.0019215576955731173,0.0,0.0,0.0,0.0,0,100.0
28.3,0.019405372770440188,0.0019215576955731173,0.0,0.0,0.0,3.216404914855957,0,100.0
28.3,0.019405372770440188,0.0019215576955731173,0.0,0.0,0.0,3.216404914855957,0,100.0
28.3,0.019405372770440188,0.0019215576955731173,0.0,0.0,0.0,3.216404914855957,0,100.0
28.3,0.01940538972000283,0.001921557239666527,0.0,0.0,0.0,3.216404914855957,0,100.0
28.3,0.01940538972000283,0.001921557239666527,0.125,-0.16,0.0,3.216404914855957,0,100.0
28.3,0.01940538972000283,0.001921557239666527,0.125,-0.16,0.0,3.216404914855957,0,100.0
28.3,0.019405421941906642,0.0019215567067535355,0.125,-0.16,0.0,3.216404914855957,0,100.0
28.3,0.019405421941906642,0.0019215567067535355,0.125,-0.16,0.0,3.216404914855957,0,100.0
28.400000000000002,0.019405421941906642,0.0019215567067535355,0.125,-0.16,0.0,3.216404914855957,0,100.0
28.400000000000002,0.019405421941906642,0.0019215567067535355,0.125,-0.16,0.0,3.216404914855957,0,100.0
28.400000000000002,0.020558902260163325,0.0019063631266916792,0.20842105263157892,-0.32,0.0,3.216404914855957,0,100.0
28.400000000000002,0.020558902260163325,0.0019063631266916792,0.20842105263157892,-0.32,0.0,3.216404914855957,0,100.0
28.400000000000002,0.020558902260163325,0.0019063631266916792,0.20842105263157892,-0.32,0.0,3.216404914855957,0,100.0
28.400000000000002,0.022867173356623915,0.0018759602954600552,0.20842105263157892,-0.32,0.0,3.216404914855957,0,100.0
28.400000000000002,0.022867173356623915,0.0018759602954600552,0.20842105263157892,-0.48,286.207062551,3.216404914855957,0,100.0
28.400000000000002,0.022867173356623915,0.0018759602954600552,0.20842105263157892,-0.48,286.207062551,3.216404914855957,0,100.0
28.400000000000002,0.022867173356623915,0.0018759602954600552,0.20842105263157892,-0.48,286.207062551,3.216404914855957,0,100.0
28.400000000000002,0.026330064777174922,0.0018303489078258517,0.20842105263157892,-0.48,142.763995116,3.216404914855957,0,100.0
28.400000000000002,0.026330064777174922,0.0018303489078258517,0.20842105263157892,-0.48,142.763995116,3.216404914855957,0,100.0
28.5,0.026330064777174922,0.0018303489078258517,0.20842105263157892,-0.48,142.763995116,3.216404914855957,0,99.99307250976562
28.5,0.026330064777174922,0.0018303489078258517,0.20842105263157892,-0.64,142.763995116,3.216404914855957,0,99.99307250976562
28.5,0.030947812856230827,0.0017695284700607328,0.20842105263157892,-0.64,85.546953693,3.216404914855957,0,99.99307250976562
28.5,0.030947812856230827,0.0017695284700607328,0.20842105263157892,-0.64,85.546953693,3.216404914855957,0,99.99307250976562
28.5,0.030947812856230827,0.0017695284700607328,0.20842105263157892,-0.64,85.546953693,3.216404914855957,0,99.99307250976562
28.5,0.03650627761017011,0.0016936180767487818,0.21999999999999997,-0.8,57.689837986,3.216404914855957,0,99.99307250976562
28.5,0.03650627761017011,0.0016936180767487818,0.21999999999999997,-0.8,57.689837986,3.216404914855957,0,99.99307250976562
28.5,0.03650627761017011,0.0016936180767487818,0.21999999999999997,-0.8,57.689837986,3.216404914855957,0,99.99307250976562
28.5,0.03650627761017011,0.0016936180767487818,0.21999999999999997,-0.8,57.689837986,3.216404914855957,0,99.99307250976562
28.5,0.04264974625657225,0.001584144754709249,0.21999999999999997,-0.8,42.402371633,3.216404914855957,0,99.99307250976562
28.6,0.04264974625657225,0.001584144754709249,0.21999999999999997,-0.8,42.402371633,3.216404914855957,0,99.99307250976562
28.6,0.04264974625657225,0.001584144754709249,0.21999999999999997,-0.8974358974358974,42.402371633,3.216404914855957,0,99.99307250976562
28.6,0.04936056387431442,0.0013773565558133916,0.21999999999999997,-0.8974358974358974,32.888281815,3.216404914855957,0,99.99307250976562
28.6,0.04936056387431442,0.0013773565558133916,0.21999999999999997,-0.8974358974358974,32.888281815,3.216404914855957,0,99.99307250976562
28.6,0.04936056387431442,0.0013773565558133916,0.21999999999999997,-0.8974358974358974,32.888281815,3.216404914855957,0,99.99307250976562
28.6,0.04936056387431442,0.0013773565558133916,0.20842105263157892,-0.7948717948717947,32.888281815,3.216404914855957,0,99.99307250976562
28.6,0.056530259501611946,0.0009959777931564107,0.20842105263157892,-0.7948717948717947,26.524483348,3.216404914855957,0,99.99307250976562
28.6,0.056530259501611946,0.0009959777931564107,0.20842105263157892,-0.7948717948717947,26.524483348,3.216404914855957,0,99.99307250976562
28.6,0.056530259501611946,0.0009959777931564107,0.20842105263157892,-0.7948717948717947,26.524483348,3.216404914855957,0,99.99307250976562
28.6,0.056530259501611946,0.0009959777931564107,0.20842105263157892,-0.7948717948717947,26.524483348,3.216404914855957,0,99.99307250976562
28.700000000000003,0.06364262692086986,0.0004123041108493597,0.20842105263157892,-0.7948717948717947,21.760574666,3.1456942558288574,0,99.99307250976562
28.700000000000003,0.06364262692086986,0.0004123041108493597,0.20842105263157892,-0.7948717948717947,21.760574666,3.1456942558288574,0,99.99307250976562
28.700000000000003,0.06364262692086986,0.0004123041108493597,0.20842105263157892,-0.7948717948717947,21.760574666,3.1456942558288574,0,99.99307250976562
28.700000000000003,0.06364262692086986,0.0004123041108493597,0.20842105263157892,-0.7948717948717947,21.760574666,3.1456942558288574,0,99.99307250976562
28.700000000000003,0.07073061367165945,-0.0003734546441888087,0.20842105263157892,-0.7948717948717947,19.167378093,3.1456942558288574,0,99.99307250976562
28.700000000000003,0.07073061367165945,-0.0003734546441888087,0.21999999999999997,-0.846153846153846,19.167378093,3.1456942558288574,0,99.99307250976562
28.700000000000003,0.07073061367165945,-0.0003734546441888087,0.21999999999999997,-0.846153846153846,19.167378093,3.1456942558288574,0,99.99307250976562
28.700000000000003,0.07073061367165945,-0.0003734546441888087,0.21999999999999997,-0.846153846153846,19.167378093,3.1456942558288574,0,99.99307250976562
28.700000000000003,0.07779470740322725,-0.0013399191763760476,0.21999999999999997,-0.846153846153846,17.486451668,3.1456942558288574,0,99.99307250976562
28.700000000000003,0.07779470740322725,-0.0013399191763760476,0.21999999999999997,-0.846153846153846,17.486451668,3.1456942558288574,0,99.99307250976562
28.700000000000003,0.07779470740322725,-0.0013399191763760476,0.21999999999999997,-0.846153846153846,17.486451668,3.1456942558288574,0,99.99307250976562
28.700000000000003,0.08527474606300256,-0.002567752968605286,0.21999999999999997,-0.846153846153846,16.268340264,3.1456942558288574,0,99.99307250976562
28.8,0.08527474606300256,-0.002567752968605286,0.21999999999999997,-0.846153846153846,16.268340264,3.1456942558288574,0,99.99307250976562
28.8,0.08527474606300256,-0.002567752968605286,0.21999999999999997,-0.846153846153846,16.268340264,3.1456942558288574,0,99.99307250976562
28.8,0.08527474606300256,-0.002567752968605286,0.21999999999999997,-0.846153846153846,16.268340264,3.1456942558288574,0,99.99307250976562
28.8,0.09266882247052899,-0.0040048680108682455,0.21999999999999997,-0.846153846153846,15.505026383,3.1456942558288574,0,99.99307250976562
28.8,0.09266882247052899,-0.0040048680108682455,0.20842105263157892,-0.7948717948717947,15.505026383,3.1456942558288574,0,99.99307250976562
28.8,0.09266882247052899,-0.0040048680108682455,0.20842105263157892,-0.7948717948717947,15.505026383,3.1456942558288574,0,99.99307250976562
28.8,0.1000164008326534,-0.0056578684452159855,0.20842105263157892,-0.7948717948717947,15.505026383,3.1456942558288574,0,99.99307250976562
28.8,0.1000164008326534,-0.0056578684452159855,0.20842105263157892,-0.7948717948717947,15.029595023,3.1456942558288574,0,99.99307250976562
28.8,0.1000164008326534,-0.0056578684452159855,0.20842105263157892,-0.7948717948717947,15.029595023,3.1456942558288574,0,99.99307250976562
28.8,0.1000164008326534,-0.0056578684452159855,0.20842105263157892,-0.7948717948717947,15.029595023,3.1456942558288574,0,99.99307250976562
28.900000000000002,0.10698180749704433,-0.007430366069920757,0.20842105263157892,-0.7948717948717947,14.793898693,3.1456942558288574,0,99.99307250976562
28.900000000000002,0.10698180749704433,-0.007430366069920757,0.20842105263157892,-0.7948717948717947,14.793898693,3.1456942558288574,0,99.99307250976562
28.900000000000002,0.10698180749704433,-0.007430366069920757,0.20842105263157892,-0.7948717948717947,14.793898693,3.1456942558288574,0,99.99307250976562
28.900000000000002,0.11384740763844259,-0.009369686208329286,0.21999999999999997,-0.6410256410256407,14.702283275,3.1456942558288574,0,99.99307250976562
28.900000000000002,0.11384740763844259,-0.009369686208329286,0.21999999999999997,-0.6410256410256407,14.702283275,3.1456942558288574,0,99.99307250976562
28.900000000000002,0.11384740763844259,-0.009369686208329286,0.21999999999999997,-0.6410256410256407,14.702283275,3.1456942558288574,0,99.99307250976562
28.900000000000002,0.11384740763844259,-0.009369686208329286,0.21999999999999997,-0.6410256410256407,14.702283275,3.1456942558288574,0,99.99307250976562
28.900000000000002,0.12066262108547754,-0.011490424028156976,0.21999999999999997,-0.6410256410256407,14.715015564,3.1456942558288574,0,99.99307250976562
28.900000000000002,0.12066262108547754,-0.011490424028156976,0.21999999999999997,-0.6410256410256407,14.715015564,3.1456942558288574,0,99.99307250976562
28.900000000000002,0.12066262108547754,-0.011490424028156976,0.21999999999999997,-0.6410256410256407,14.715015564,3.1456942558288574,0,99.99307250976562
28.900000000000002,0.12066262108547754,-0.011490424028156976,0.21999999999999997,-0.6410256410256407,14.715015564,3.1456942558288574,0,99.99307250976562
29.000000000000004,0.1278359822456565,-0.013934152893092022,0.21999999999999997,-0.6410256410256407,14.620246156,3.1456942558288574,0,99.89035034179688
29.000000000000004,0.1278359822456565,-0.013934152893092022,0.21999999999999997,-0.6410256410256407,14.620246156,3.1456942558288574,0,99.89035034179688
29.000000000000004,0.1278359822456565,-0.013934152893092022,0.21999999999999997,-0.6410256410256407,14.620246156,3.1456942558288574,0,99.89035034179688
29.000000000000004,0.13489807627863137,-0.0165058546849709,0.20842105263157892,-0.5897435897435894,14.305826947,3.095694065093994,0,99.89035034179688
29.000000000000004,0.13489807627863137,-0.0165058546849709,0.20842105263157892,-0.5897435897435894,14.305826947,3.095694065093994,0,99.89035034179688
29.000000000000004,0.13489807627863137,-0.0165058546849709,0.20842105263157892,-0.5897435897435894,14.305826947,3.095694065093994,0,99.89035034179688
29.000000000000004,0.13489807627863137,-0.0165058546849709,0.20842105263157892,-0.5897435897435894,14.305826947,3.095694065093994,0,99.89035034179688
29.000000000000004,0.14159587700361365,-0.01908724909354631,0.20842105263157892,-0.5897435897435894,14.297527913,3.095694065093994,0,99.89035034179688
29.000000000000004,0.14159587700361365,-0.01908724909354631,0.20842105263157892,-0.5897435897435894,14.297527913,3.095694065093994,0,99.89035034179688
29.000000000000004,0.14159587700361365,-0.01908724909354631,0.20842105263157892,-0.5897435897435894,14.297527913,3.095694065093994,0,99.89035034179688
29.1,0.14819312293379916,-0.021787374900554823,0.20842105263157892,-0.5897435897435894,14.398625199,3.095694065093994,0,99.89035034179688
29.1,0.14819312293379916,-0.021787374900554823,0.20842105263157892,-0.5897435897435894,14.398625199,3.095694065093994,0,99.89035034179688
29.1,0.14819312293379916,-0.021787374900554823,0.20842105263157892,-0.5897435897435894,14.398625199,3.095694065093994,0,99.89035034179688
29.1,0.14819312293379916,-0.021787374900554823,0.21999999999999997,-0.6410256410256407,14.398625199,3.095694065093994,0,99.89035034179688
29.1,0.15473270653051974,-0.024620781843936457,0.21999999999999997,-0.6410256410256407,14.48960407,3.095694065093994,0,99.89035034179688
29.1,0.15473270653051974,-0.024620781843936457,0.21999999999999997,-0.6410256410256407,14.48960407,3.095694065093994,0,99.89035034179688
29.1,0.15473270653051974,-0.024620781843936457,0.21999999999999997,-0.6410256410256407,14.48960407,3.095694065093994,0,99.89035034179688
29.1,0.15473270653051974,-0.024620781843936457,0.21999999999999997,-0.6410256410256407,14.48960407,3.095694065093994,0,99.89035034179688
29.1,0.16162235349155085,-0.027769388191457578,0.21999999999999997,-0.6410256410256407,14.481584813,3.095694065093994,0,99.89035034179688
29.1,0.16162235349155085,-0.027769388191457578,0.21999999999999997,-0.6410256410256407,14.481584813,3.095694065093994,0,99.89035034179688
29.1,0.16162235349155085,-0.027769388191457578,0.21999999999999997,-0.6410256410256407,14.481584813,3.095694065093994,0,99.89035034179688
29.200000000000003,0.16839856204249193,-0.031043497898588512,0.21999999999999997,-0.6410256410256407,14.481584813,3.095694065093994,0,99.89035034179688
29.200000000000003,0.16839856204249193,-0.031043497898588512,0.20842105263157892,-0.5897435897435894,14.407140605,3.095694065093994,0,99.89035034179688
29.200000000000003,0.16839856204249193,-0.031043497898588512,0.20842105263157892,-0.5897435897435894,14.407140605,3.095694065093994,0,99.89035034179688
29.200000000000003,0.16839856204249193,-0.031043497898588512,0.20842105263157892,-0.5897435897435894,14.407140605,3.095694065093994,0,99.89035034179688
29.200000000000003,0.17509944197573124,-0.03447035408397192,0.20842105263157892,-0.5897435897435894,14.322100871,3.095694065093994,0,99.89035034179688
29.200000000000003,0.17509944197573124,-0.03447035408397192,0.20842105263157892,-0.5897435897435894,14.322100871,3.095694065093994,0,99.89035034179688
29.200000000000003,0.17509944197573124,-0.03447035408397192,0.20842105263157892,-0.5897435897435894,14.322100871,3.095694065093994,0,99.89035034179688
29.200000000000003,0.17509944197573124,-0.03447035408397192,0.20842105263157892,-0.5897435897435894,14.322100871,3.095694065093994,0,99.89035034179688
29.200000000000003,0.1814231309618508,-0.037876184583626404,0.20842105263157892,-0.5897435897435894,14.312683739,3.095694065093994,0,99.89035034179688
29.200000000000003,0.1814231309618508,-0.037876184583626404,0.20842105263157892,-0.5897435897435894,14.312683739,3.095694065093994,0,99.89035034179688
29.200000000000003,0.1814231309618508,-0.037876184583626404,0.20842105263157892,-0.5897435897435894,14.269982257,3.086458206176758,0,99.89035034179688
29.3,0.1814231309618508,-0.037876184583626404,0.20842105263157892,-0.43589743589743557,14.269982257,3.086458206176758,0,99.89035034179688
29.3,0.1876344772998655,-0.04137502960938921,0.20842105263157892,-0.43589743589743557,14.366843994,3.086458206176758,0,99.89035034179688
29.3,0.1876344772998655,-0.04137502960938921,0.20842105263157892,-0.43589743589743557,14.366843994,3.086458206176758,0,99.89035034179688
29.3,0.1876344772998655,-0.04137502960938921,0.20842105263157892,-0.43589743589743557,14.366843994,3.086458206176758,0,99.89035034179688
29.3,0.19382172693580713,-0.0450117913597996,0.20842105263157892,-0.43589743589743557,14.440711411,3.086458206176758,0,99.89035034179688
29.3,0.19382172693580713,-0.0450117913597996,0.20842105263157892,-0.43589743589743557,14.440711411,3.086458206176758,0,99.89035034179688
29.3,0.19382172693580713,-0.0450117913597996,0.20842105263157892,-0.43589743589743557,14.440711411,3.086458206176758,0,99.89035034179688
29.3,0.19382172693580713,-0.0450117913597996,0.20842105263157892,-0.43589743589743557,14.440711411,3.086458206176758,0,99.89035034179688
29.3,0.19990581667260598,-0.0487096045599652,0.20842105263157892,-0.43589743589743557,14.221443567,3.0364582538604736,0,99.89035034179688
29.3,0.19990581667260598,-0.0487096045599652,0.20842105263157892,-0.43589743589743557,14.221443567,3.0364582538604736,0,99.89035034179688
29.3,0.19990581667260598,-0.0487096045599652,0.20842105263157892,-0.5958974358974356,14.221443567,3.0364582538604736,0,99.89035034179688
29.400000000000002,0.20594387095165412,-0.05248544967253588,0.20842105263157892,-0.5958974358974356,14.224434896,3.0364582538604736,0,99.89035034179688
29.400000000000002,0.20594387095165412,-0.05248544967253588,0.20842105263157892,-0.5958974358974356,14.224434896,3.0364582538604736,0,99.89035034179688
29.400000000000002,0.20594387095165412,-0.05248544967253588,0.20842105263157892,-0.5958974358974356,14.224434896,3.0364582538604736,0,99.89035034179688
29.400000000000002,0.20594387095165412,-0.05248544967253588,0.20842105263157892,-0.5958974358974356,14.224434896,3.0364582538604736,0,99.89035034179688
29.400000000000002,0.21197355580625454,-0.056393285080244215,0.20842105263157892,-0.7435897435897434,14.214250127,3.0364582538604736,0,99.89035034179688
29.400000000000002,0.21197355580625454,-0.056393285080244215,0.20842105263157892,-0.7435897435897434,14.214250127,3.0364582538604736,0,99.89035034179688
29.400000000000002,0.21197355580625454,-0.056393285080244215,0.20842105263157892,-0.7435897435897434,14.214250127,3.0364582538604736,0,99.89035034179688
29.400000000000002,0.21197355580625454,-0.056393285080244215,0.20842105263157892,-0.7435897435897434,14.214250127,3.0364582538604736,0,99.89035034179688
29.400000000000002,0.21787705005428704,-0.06040237011248134,0.20842105263157892,-0.7435897435897434,14.305828485,3.0364582538604736,0,99.89035034179688
29.400000000000002,0.21787705005428704,-0.06040237011248134,0.19684210526315787,-0.7435897435897434,14.305828485,3.0364582538604736,0,99.89035034179688
29.500000000000004,0.21787705005428704,-0.06040237011248134,0.19684210526315787,-0.7435897435897434,14.305828485,3.0364582538604736,0,99.78902435302734
29.500000000000004,0.223733857249367,-0.0645756671783822,0.19684210526315787,-0.7435897435897434,14.383441547,3.0364582538604736,0,99.78902435302734
29.500000000000004,0.223733857249367,-0.0645756671783822,0.19684210526315787,-0.7435897435897434,14.383441547,3.0364582538604736,0,99.78902435302734
29.500000000000004,0.223733857249367,-0.0645756671783822,0.19684210526315787,-0.7435897435897434,14.383441547,3.0364582538604736,0,99.78902435302734
29.500000000000004,0.22913288687989475,-0.06862335093337335,0.19684210526315787,-0.7435897435897434,14.555959696,3.0364582538604736,0,99.78902435302734
29.500000000000004,0.22913288687989475,-0.06862335093337335,0.19684210526315787,-0.7435897435897434,14.555959696,3.0364582538604736,0,99.78902435302734
29.500000000000004,0.22913288687989475,-0.06862335093337335,0.19684210526315787,-0.7435897435897434,14.555959696,3.0364582538604736,0,99.78902435302734
29.500000000000004,0.22913288687989475,-0.06862335093337335,0.19684210526315787,-0.7435897435897434,14.555959696,3.0364582538604736,0,99.78902435302734
29.500000000000004,0.23442013204041645,-0.0728126786843678,0.19684210526315787,-0.7435897435897434,14.65269537,3.0364582538604736,0,99.78902435302734
29.500000000000004,0.23442013204041645,-0.0728126786843678,0.21999999999999997,-0.7435897435897434,14.65269537,3.0364582538604736,0,99.78902435302734
29.500000000000004,0.23442013204041645,-0.0728126786843678,0.21999999999999997,-0.7435897435897434,14.65269537,3.0364582538604736,0,99.78902435302734
29.6,0.23442013204041645,-0.0728126786843678,0.21999999999999997,-0.7435897435897434,14.65269537,3.0364582538604736,0,99.78902435302734
29.6,0.23959460753338013,-0.07713243854269658,0.21999999999999997,-0.7435897435897434,14.738284948,3.0364582538604736,0,99.78902435302734
29.6,0.23959460753338013,-0.07713243854269658,0.21999999999999997,-0.7435897435897434,14.738284948,3.0364582538604736,0,99.78902435302734
29.6,0.23959460753338013,-0.07713243854269658,0.21999999999999997,-0.7435897435897434,14.738284948,3.0364582538604736,0,99.78902435302734
29.6,0.24525175535629096,-0.082095433620339,0.21999999999999997,-0.7435897435897434,14.738284948,3.0364582538604736,0,99.78902435302734
29.6,0.24525175535629096,-0.082095433620339,0.21999999999999997,-0.7435897435897434,14.413809987,2.9864583015441895,0,99.78902435302734
29.6,0.24525175535629096,-0.082095433620339,0.21999999999999997,-0.7435897435897434,14.413809987,2.9864583015441895,0,99.78902435302734
29.6,0.24525175535629096,-0.082095433620339,0.21999999999999997,-0.7435897435897434,14.413809987,2.9864583015441895,0,99.78902435302734
29.6,0.2510142869814511,-0.08682613143538459,0.20842105263157892,-0.5835897435897434,14.321018978,2.9864583015441895,0,99.78902435302734
29.6,0.2510142869814511,-0.08682613143538459,0.20842105263157892,-0.5835897435897434,14.321018978,2.9864583015441895,0,99.78902435302734
29.700000000000003,0.2510142869814511,-0.08682613143538459,0.20842105263157892,-0.5835897435897434,14.321018978,2.9864583015441895,0,99.78902435302734
29.700000000000003,0.2510142869814511,-0.08682613143538459,0.20842105263157892,-0.5835897435897434,14.321018978,2.9864583015441895,0,99.78902435302734
29.700000000000003,0.2572238352344045,-0.09078528585149209,0.20842105263157892,-0.5835897435897434,14.224947835,2.9864583015441895,0,99.78902435302734
29.700000000000003,0.2572238352344045,-0.09078528585149209,0.20842105263157892,-0.5384615384615381,14.224947835,2.9864583015441895,0,99.78902435302734
29.700000000000003,0.2572238352344045,-0.09078528585149209,0.20842105263157892,-0.5384615384615381,14.224947835,2.9864583015441895,0,99.78902435302734
29.700000000000003,0.2630488526400159,-0.0945663086614208,0.20842105263157892,-0.5384615384615381,14.233091437,2.9864583015441895,0,99.78902435302734
29.700000000000003,0.2630488526400159,-0.0945663086614208,0.20842105263157892,-0.5384615384615381,14.233091437,2.9864583015441895,0,99.78902435302734
29.700000000000003,0.2630488526400159,-0.0945663086614208,0.20842105263157892,-0.5384615384615381,14.233091437,2.9864583015441895,0,99.78902435302734
29.700000000000003,0.2687978425873201,-0.09841803626615953,0.20842105263157892,-0.5384615384615381,14.233091437,2.9864583015441895,0,99.78902435302734
29.700000000000003,0.2687978425873201,-0.09841803626615953,0.21999999999999997,-0.6923076923076921,14.242454937,2.9864583015441895,0,99.78902435302734
29.700000000000003,0.2687978425873201,-0.09841803626615953,0.21999999999999997,-0.6923076923076921,14.242454937,2.9864583015441895,0,99.78902435302734
29.8,0.2687978425873201,-0.09841803626615953,0.21999999999999997,-0.6923076923076921,14.242454937,2.9864583015441895,0,99.78902435302734
29.8,0.2744886459513507,-0.10232948397928676,0.21999999999999997,-0.6923076923076921,14.258186527,2.9864583015441895,0,99.78902435302734
29.8,0.2744886459513507,-0.10232948397928676,0.21999999999999997,-0.6923076923076921,14.258186527,2.9864583015441895,0,99.78902435302734
29.8,0.2744886459513507,-0.10232948397928676,0.21999999999999997,-0.6923076923076921,14.258186527,2.9864583015441895,0,99.78902435302734
29.8,0.2744886459513507,-0.10232948397928676,0.21999999999999997,-0.6923076923076921,14.258186527,2.9864583015441895,0,99.78902435302734
29.8,0.28037296078432794,-0.10661950771728063,0.21999999999999997,-0.6923076923076921,14.094159508,2.9864583015441895,0,99.78902435302734
29.8,0.28037296078432794,-0.10661950771728063,0.21999999999999997,-0.6923076923076921,14.094159508,2.9864583015441895,0,99.78902435302734
29.8,0.28037296078432794,-0.10661950771728063,0.21999999999999997,-0.5384615384615381,14.094159508,2.9864583015441895,0,99.78902435302734
29.8,0.2857873224740972,-0.11153310920019177,0.21999999999999997,-0.5384615384615381,14.094159508,2.9864583015441895,0,99.78902435302734
29.8,0.2857873224740972,-0.11153310920019177,0.21999999999999997,-0.5384615384615381,13.924299699,2.9864583015441895,0,99.78902435302734
29.900000000000002,0.2857873224740972,-0.11153310920019177,0.21999999999999997,-0.5384615384615381,13.924299699,2.9864583015441895,0,99.78902435302734
29.900000000000002,0.2857873224740972,-0.11153310920019177,0.21999999999999997,-0.5384615384615381,13.924299699,2.9864583015441895,0,99.78902435302734
29.900000000000002,0.2904523735522282,-0.11738317363671635,0.21999999999999997,-0.5384615384615381,13.758684766,2.9864583015441895,0,99.78902435302734
29.900000000000002,0.2904523735522282,-0.11738317363671635,0.21999999999999997,-0.5384615384615381,13.528333564,2.9364583492279053,0,99.78902435302734
29.900000000000002,0.2904523735522282,-0.11738317363671635,0.21999999999999997,-0.5384615384615381,13.528333564,2.9364583492279053,0,99.78902435302734
29.900000000000002,0.2904523735522282,-0.11738317363671635,0.21999999999999997,-0.5384615384615381,13.528333564,2.9364583492279053,0,99.78902435302734
29.900000000000002,0.29506802411019484,-0.12331367917528746,0.21999999999999997,-0.5384615384615381,13.535743232,2.9364583492279053,0,99.78902435302734
29.900000000000002,0.29506802411019484,-0.12331367917528746,0.21999999999999997,-0.5384615384615381,13.535743232,2.9364583492279053,0,99.78902435302734
29.900000000000002,0.29506802411019484,-0.12331367917528746,0.20842105263157892,-0.48717948717948684,13.535743232,2.9364583492279053,0,99.78902435302734
29.900000000000002,0.29958706141992586,-0.1293190871668487,0.20842105263157892,-0.48717948717948684,13.543174419,2.9364583492279053,0,99.78902435302734
29.900000000000002,0.29958706141992586,-0.1293190871668487,0.20842105263157892,-0.48717948717948684,13.543174419,2.9364583492279053,0,99.78902435302734
30.000000000000004,0.29958706141992586,-0.1293190871668487,0.20842105263157892,-0.48717948717948684,13.543174419,2.9364583492279053,0,99.78902435302734
30.000000000000004,0.29958706141992586,-0.1293190871668487,0.20842105263157892,-0.48717948717948684,13.543174419,2.9364583492279053,0,99.68213653564453
30.000000000000004,0.29958706141992586,-0.1293190871668487,0.20842105263157892,-0.48717948717948684,13.543174419,2.9364583492279053,0,99.68213653564453
30.000000000000004,0.30375296337654034,-0.13509432345063555,0.20842105263157892,-0.48717948717948684,13.624967979000001,2.9364583492279053,0,99.68213653564453
30.000000000000004,0.30375296337654034,-0.13509432345063555,0.20842105263157892,-0.48717948717948684,13.624967979000001,2.9364583492279053,0,99.68213653564453
30.000000000000004,0.30781116822978416,-0.1409445406983998,0.20842105263157892,-0.48717948717948684,13.624967979000001,2.9364583492279053,0,99.68213653564453
30.000000000000004,0.30781116822978416,-0.1409445406983998,0.21999999999999997,-0.48717948717948684,13.62240761,2.9364583492279053,0,99.68213653564453
30.000000000000004,0.30781116822978416,-0.1409445406983998,0.21999999999999997,-0.48717948717948684,13.62240761,2.9364583492279053,0,99.68213653564453
30.000000000000004,0.30781116822978416,-0.1409445406983998,0.21999999999999997,-0.48717948717948684,13.62240761,2.9364583492279053,0,99.68213653564453
30.000000000000004,0.31330821598270187,-0.14581041898512592,0.21999999999999997,-0.48717948717948684,13.61934305,2.9364583492279053,0,99.68213653564453
30.000000000000004,0.31330821598270187,-0.14581041898512592,0.21999999999999997,-0.48717948717948684,13.61934305,2.9364583492279053,0,99.68213653564453
30.1,0.31330821598270187,-0.14581041898512592,0.21999999999999997,-0.48717948717948684,13.61934305,2.9364583492279053,0,99.68213653564453
30.1,0.31330821598270187,-0.14581041898512592,0.21999999999999997,-0.48717948717948684,13.61934305,2.9364583492279053,0,99.68213653564453
30.1,0.3203034365044217,-0.15013195213820274,0.21999999999999997,-0.48717948717948684,13.535563018,2.9364583492279053,0,99.68213653564453
30.1,0.3203034365044217,-0.15013195213820274,0.21999999999999997,-0.48717948717948684,13.535563018,2.9364583492279053,0,99.68213653564453
30.1,0.3203034365044217,-0.15013195213820274,0.21999999999999997,-0.48717948717948684,13.535563018,2.9364583492279053,0,99.68213653564453
30.1,0.32719865509590407,-0.15451398794083537,0.20842105263157892,-0.33333333333333304,13.527857862,2.9364583492279053,0,99.68213653564453
30.1,0.32719865509590407,-0.15451398794083537,0.20842105263157892,-0.33333333333333304,13.527857862,2.9364583492279053,0,99.68213653564453
30.1,0.32719865509590407,-0.15451398794083537,0.20842105263157892,-0.33333333333333304,13.527857862,2.9364583492279053,0,99.68213653564453
30.1,0.33400468197292676,-0.1589532883851038,0.20842105263157892,-0.33333333333333304,13.527857862,2.9364583492279053,0,99.68213653564453
30.1,0.33400468197292676,-0.1589532883851038,0.20842105263157892,-0.33333333333333304,13.532611984,2.9364583492279053,0,99.68213653564453
30.200000000000003,0.33400468197292676,-0.1589532883851038,0.20842105263157892,-0.33333333333333304,13.532611984,2.9364583492279053,0,99.68213653564453
30.200000000000003,0.33400468197292676,-0.1589532883851038,0.20842105263157892,-0.33333333333333304,13.532611984,2.9364583492279053,0,99.68213653564453
30.200000000000003,0.3405383741746173,-0.16309273593748297,0.20842105263157892,-0.33333333333333304,13.274905673,2.86285138130188,0,99.68213653564453
30.200000000000003,0.3405383741746173,-0.16309273593748297,0.20842105263157892,-0.33333333333333304,13.274905673,2.86285138130188,0,99.68213653564453
30.200000000000003,0.3405383741746173,-0.16309273593748297,0.20842105263157892,-0.33333333333333304,13.274905673,2.86285138130188,0,99.68213653564453
30.200000000000003,0.3405383741746173,-0.16309273593748297,0.20842105263157892,-0.28205128205128177,13.274905673,2.86285138130188,0,99.68213653564453
30.200000000000003,0.34701488719986506,-0.16726092576606488,0.20842105263157892,-0.28205128205128177,13.350457553,2.86285138130188,0,99.68213653564453
30.200000000000003,0.34701488719986506,-0.16726092576606488,0.20842105263157892,-0.28205128205128177,13.403968308,2.874326229095459,0,99.68213653564453
30.200000000000003,0.34701488719986506,-0.16726092576606488,0.20842105263157892,-0.28205128205128177,13.403968308,2.874326229095459,0,99.68213653564453
30.200000000000003,0.34701488719986506,-0.16726092576606488,0.20842105263157892,-0.28205128205128177,13.403968308,2.874326229095459,0,99.68213653564453
30.200000000000003,0.35161646073476516,-0.17269854166550558,0.20842105263157892,-0.28205128205128177,13.478451577,2.874326229095459,0,99.68213653564453
30.3,0.35161646073476516,-0.17269854166550558,0.20842105263157892,-0.28205128205128177,13.478451577,2.874326229095459,0,99.68213653564453
30.3,0.35161646073476516,-0.17269854166550558,0.20842105263157892,-0.28205128205128177,13.478451577,2.874326229095459,0,99.68213653564453
30.3,0.35503205592045606,-0.1789374435753257,0.20842105263157892,-0.28205128205128177,13.483509071,2.874326229095459,0,99.68213653564453
30.3,0.35503205592045606,-0.1789374435753257,0.20842105263157892,-0.28205128205128177,13.483509071,2.874326229095459,0,99.68213653564453
30.3,0.35503205592045606,-0.1789374435753257,0.20842105263157892,-0.28205128205128177,13.483509071,2.874326229095459,0,99.68213653564453
30.3,0.35503205592045606,-0.1789374435753257,0.19684210526315787,-0.12820512820512797,13.483509071,2.874326229095459,0,99.68213653564453
30.3,0.3583894692227183,-0.185207723383768,0.19684210526315787,-0.12820512820512797,13.488752851,2.874326229095459,0,99.68213653564453
30.3,0.3583894692227183,-0.185207723383768,0.19684210526315787,-0.12820512820512797,13.488752851,2.874326229095459,0,99.68213653564453
30.3,0.3583894692227183,-0.185207723383768,0.19684210526315787,-0.12820512820512797,13.488752851,2.874326229095459,0,99.68213653564453
30.3,0.36150254512999225,-0.19115959954977457,0.19684210526315787,-0.12820512820512797,13.333855771,2.824326276779175,0,99.68213653564453
30.400000000000002,0.36150254512999225,-0.19115959954977457,0.19684210526315787,-0.12820512820512797,13.333855771,2.824326276779175,0,99.68213653564453
30.400000000000002,0.36150254512999225,-0.19115959954977457,0.19684210526315787,-0.12820512820512797,13.333855771,2.824326276779175,0,99.68213653564453
30.400000000000002,0.36150254512999225,-0.19115959954977457,0.19684210526315787,-0.12820512820512797,13.333855771,2.824326276779175,0,99.68213653564453
30.400000000000002,0.3645682275110278,-0.19712405417761814,0.19684210526315787,-0.12820512820512797,13.497301084,2.824326276779175,0,99.68213653564453
30.400000000000002,0.3645682275110278,-0.19712405417761814,0.21999999999999997,-0.17948717948717924,13.497301084,2.824326276779175,0,99.68213653564453
30.400000000000002,0.3645682275110278,-0.19712405417761814,0.21999999999999997,-0.17948717948717924,13.497301084,2.824326276779175,0,99.68213653564453
30.400000000000002,0.3676131472591717,-0.203094680457792,0.21999999999999997,-0.17948717948717924,13.675807406,2.824326276779175,0,99.68213653564453
30.400000000000002,0.3676131472591717,-0.203094680457792,0.21999999999999997,-0.17948717948717924,13.675807406,2.824326276779175,0,99.68213653564453
30.400000000000002,0.3676131472591717,-0.203094680457792,0.21999999999999997,-0.17948717948717924,13.675807406,2.824326276779175,0,99.68213653564453
30.400000000000002,0.37191275338953345,-0.21011579433287375,0.21999999999999997,-0.17948717948717924,13.675807406,2.824326276779175,0,99.68213653564453
30.500000000000004,0.37191275338953345,-0.21011579433287375,0.21999999999999997,-0.17948717948717924,13.68247495,2.824326276779175,0,99.57369232177734
30.500000000000004,0.37191275338953345,-0.21011579433287375,0.21999999999999997,-0.17948717948717924,13.68247495,2.824326276779175,0,99.57369232177734
30.500000000000004,0.37191275338953345,-0.21011579433287375,0.21999999999999997,-0.17948717948717924,13.68247495,2.824326276779175,0,99.57369232177734
30.500000000000004,0.3765064912030016,-0.2172669695958751,0.21999999999999997,-0.17948717948717924,13.598515206,2.824326276779175,0,99.57369232177734
30.500000000000004,0.3765064912030016,-0.2172669695958751,0.20842105263157892,-0.17948717948717924,13.598515206,2.824326276779175,0,99.57369232177734
30.500000000000004,0.3765064912030016,-0.2172669695958751,0.20842105263157892,-0.17948717948717924,13.598515206,2.824326276779175,0,99.57369232177734
30.500000000000004,0.3765064912030016,-0.2172669695958751,0.20842105263157892,-0.17948717948717924,13.598515206,2.824326276779175,0,99.57369232177734
30.500000000000004,0.38108445345722886,-0.22442075930290117,0.20842105263157892,-0.17948717948717924,13.518258354,2.824326276779175,0,99.57369232177734
30.500000000000004,0.38108445345722886,-0.22442075930290117,0.20842105263157892,-0.17948717948717924,13.518258354,2.824326276779175,0,99.57369232177734
30.500000000000004,0.38108445345722886,-0.22442075930290117,0.20842105263157892,-0.17948717948717924,13.518258354,2.824326276779175,0,99.57369232177734
30.6,0.38551013088271735,-0.23121841338515392,0.20842105263157892,-0.17948717948717924,13.526021699,2.824326276779175,0,99.57369232177734
30.6,0.38551013088271735,-0.23121841338515392,0.20842105263157892,-0.17948717948717924,13.526021699,2.824326276779175,0,99.57369232177734
30.6,0.38551013088271735,-0.23121841338515392,0.20842105263157892,-0.17948717948717924,13.526021699,2.824326276779175,0,99.57369232177734
30.6,0.38551013088271735,-0.23121841338515392,0.20842105263157892,-0.17948717948717924,13.526021699,2.824326276779175,0,99.57369232177734
30.6,0.3899183516865157,-0.23802135250553302,0.21999999999999997,-0.07692307692307669,13.285002789,2.7743263244628906,0,99.57369232177734
30.6,0.3899183516865157,-0.23802135250553302,0.21999999999999997,-0.07692307692307669,13.285002789,2.7743263244628906,0,99.57369232177734
30.6,0.3899183516865157,-0.23802135250553302,0.21999999999999997,-0.07692307692307669,13.285002789,2.7743263244628906,0,99.57369232177734
30.6,0.3943082339776367,-0.24483090964559362,0.21999999999999997,-0.07692307692307669,13.285002789,2.7743263244628906,0,99.57369232177734
30.6,0.3943082339776367,-0.24483090964559362,0.21999999999999997,-0.07692307692307669,13.286983713,2.7743263244628906,0,99.57369232177734
30.6,0.3943082339776367,-0.24483090964559362,0.21999999999999997,-0.07692307692307669,13.286983713,2.7743263244628906,0,99.57369232177734
30.6,0.3943082339776367,-0.24483090964559362,0.21999999999999997,-0.07692307692307669,13.286983713,2.7743263244628906,0,99.57369232177734
30.700000000000003,0.3976817170403746,-0.2516702171542603,0.21999999999999997,-0.07692307692307669,13.131810598,2.7743263244628906,0,99.57369232177734
30.700000000000003,0.3976817170403746,-0.2516702171542603,0.21999999999999997,-0.07692307692307669,13.131810598,2.7743263244628906,0,99.57369232177734
30.700000000000003,0.3976817170403746,-0.2516702171542603,0.21999999999999997,-0.07692307692307669,13.131810598,2.7743263244628906,0,99.57369232177734
30.700000000000003,0.3976817170403746,-0.2516702171542603,0.21999999999999997,-0.02564102564102541,13.131810598,2.7743263244628906,0,99.57369232177734
30.700000000000003,0.4008198640226639,-0.2584630277176766,0.21999999999999997,-0.02564102564102541,12.975003287,2.7743263244628906,0,99.57369232177734
30.700000000000003,0.4008198640226639,-0.2584630277176766,0.21999999999999997,-0.02564102564102541,12.975003287,2.7743263244628906,0,99.57369232177734
30.700000000000003,0.4008198640226639,-0.2584630277176766,0.21999999999999997,-0.02564102564102541,12.975003287,2.7743263244628906,0,99.57369232177734
30.700000000000003,0.40393219142594505,-0.265263801046313,0.21999999999999997,-0.02564102564102541,12.819834959,2.7743263244628906,0,99.57369232177734
30.700000000000003,0.40393219142594505,-0.265263801046313,0.21999999999999997,-0.02564102564102541,12.819834959,2.7743263244628906,0,99.57369232177734
30.700000000000003,0.40393219142594505,-0.265263801046313,0.21999999999999997,-0.02564102564102541,12.819834959,2.7743263244628906,0,99.57369232177734
30.700000000000003,0.40393219142594505,-0.265263801046313,0.21999999999999997,-0.02564102564102541,12.819834959,2.7743263244628906,0,99.57369232177734
30.8,0.40704782690652563,-0.2720624981193658,0.21999999999999997,-0.02564102564102541,12.822563685,2.7743263244628906,0,99.57369232177734
30.8,0.40704782690652563,-0.2720624981193658,0.21999999999999997,-0.02564102564102541,12.822563685,2.7743263244628906,0,99.57369232177734
30.8,0.40704782690652563,-0.2720624981193658,0.20842105263157892,-0.02564102564102541,12.822563685,2.7743263244628906,0,99.57369232177734
30.8,0.4101658716834491,-0.2788624683819606,0.20842105263157892,-0.02564102564102541,12.598653419,2.7243261337280273,0,99.57369232177734
30.8,0.4101658716834491,-0.2788624683819606,0.20842105263157892,-0.02564102564102541,12.598653419,2.7243261337280273,0,99.57369232177734
30.8,0.4101658716834491,-0.2788624683819606,0.20842105263157892,-0.02564102564102541,12.598653419,2.7243261337280273,0,99.57369232177734
30.8,0.4101658716834491,-0.2788624683819606,0.20842105263157892,-0.02564102564102541,12.598653419,2.7243261337280273,0,99.57369232177734
30.8,0.41310679738490963,-0.2853233403834359,0.20842105263157892,-0.02564102564102541,12.679446698,2.7243261337280273,0,99.57369232177734
30.8,0.41310679738490963,-0.2853233403834359,0.20842105263157892,-0.02564102564102541,12.679446698,2.7243261337280273,0,99.57369232177734
30.8,0.41310679738490963,-0.2853233403834359,0.20842105263157892,-0.02564102564102541,12.679446698,2.7243261337280273,0,99.57369232177734
30.900000000000002,0.41748722208574396,-0.29129009942228956,0.20842105263157892,-0.02564102564102541,12.673260458,2.7243261337280273,0,99.57369232177734
30.900000000000002,0.41748722208574396,-0.29129009942228956,0.20842105263157892,-0.02564102564102541,12.673260458,2.7243261337280273,0,99.57369232177734
30.900000000000002,0.41748722208574396,-0.29129009942228956,0.21999999999999997,0.0,12.673260458,2.7243261337280273,0,99.57369232177734
30.900000000000002,0.41748722208574396,-0.29129009942228956,0.21999999999999997,0.0,12.673260458,2.7243261337280273,0,99.57369232177734
30.900000000000002,0.4218791219589373,-0.29725182996835975,0.21999999999999997,0.0,12.681053708,2.7243261337280273,0,99.57369232177734
30.900000000000002,0.4218791219589373,-0.29725182996835975,0.21999999999999997,0.0,12.681053708,2.7243261337280273,0,99.57369232177734
30.900000000000002,0.4218791219589373,-0.29725182996835975,0.21999999999999997,0.0,12.681053708,2.7243261337280273,0,99.57369232177734
30.900000000000002,0.4264250314958058,-0.3035752827600465,0.21999999999999997,0.0,12.612410695,2.7243261337280273,0,99.57369232177734
30.900000000000002,0.4264250314958058,-0.3035752827600465,0.21999999999999997,0.0,12.612410695,2.7243261337280273,0,99.57369232177734
30.900000000000002,0.4264250314958058,-0.3035752827600465,0.21999999999999997,0.0,12.612410695,2.7243261337280273,0,99.57369232177734
30.900000000000002,0.4264250314958058,-0.3035752827600465,0.21999999999999997,0.0,12.612410695,2.7243261337280273,0,99.57369232177734
31.000000000000004,0.4264250314958058,-0.3035752827600465,0.21999999999999997,0.0,12.612410695,2.7243261337280273,0,99.57369232177734
31.000000000000004,0.43095051924150063,-0.30990867923716425,0.21999999999999997,0.07692307692307715,12.613981424,2.7243261337280273,0,99.46549987792969
31.000000000000004,0.43095051924150063,-0.30990867923716425,0.21999999999999997,0.07692307692307715,12.613981424,2.7243261337280273,0,99.46549987792969
31.000000000000004,0.43095051924150063,-0.30990867923716425,0.21999999999999997,0.07692307692307715,12.613981424,2.7243261337280273,0,99.46549987792969
31.000000000000004,0.43544760860870646,-0.31625473889823985,0.21999999999999997,0.07692307692307715,12.617983744,2.7243261337280273,0,99.46549987792969
31.000000000000004,0.43544760860870646,-0.31625473889823985,0.21999999999999997,0.07692307692307715,12.617983744,2.7243261337280273,0,99.46549987792969
31.000000000000004,0.43544760860870646,-0.31625473889823985,0.21999999999999997,0.07692307692307715,12.617983744,2.7243261337280273,0,99.46549987792969
31.000000000000004,0.43544760860870646,-0.31625473889823985,0.21999999999999997,0.07692307692307715,12.617983744,2.7243261337280273,0,99.46549987792969
31.000000000000004,0.43975292105240427,-0.32266273809051293,0.21999999999999997,0.07692307692307715,12.618245565,2.7243261337280273,0,99.46549987792969
31.000000000000004,0.43975292105240427,-0.32266273809051293,0.21999999999999997,0.07692307692307715,12.618245565,2.7243261337280273,0,99.46549987792969
31.000000000000004,0.43975292105240427,-0.32266273809051293,0.21999999999999997,0.07692307692307715,12.618245565,2.7243261337280273,0,99.46549987792969
31.1,0.43975292105240427,-0.32266273809051293,0.20842105263157892,0.02564102564102587,12.618245565,2.7243261337280273,0,99.46549987792969
31.1,0.44275506766895845,-0.3295136198713722,0.20842105263157892,0.02564102564102587,12.619499558,2.7243261337280273,0,99.46549987792969
31.1,0.44275506766895845,-0.3295136198713722,0.20842105263157892,0.02564102564102587,12.619499558,2.7243261337280273,0,99.46549987792969
31.1,0.44275506766895845,-0.3295136198713722,0.20842105263157892,0.02564102564102587,12.619499558,2.7243261337280273,0,99.46549987792969
31.1,0.44275506766895845,-0.3295136198713722,0.20842105263157892,0.02564102564102587,12.619499558,2.7243261337280273,0,99.46549987792969
31.1,0.4456187331695949,-0.3360040183149844,0.20842105263157892,0.02564102564102587,12.350951546,2.650719404220581,0,99.46549987792969
31.1,0.4456187331695949,-0.3360040183149844,0.20842105263157892,0.02564102564102587,12.350951546,2.650719404220581,0,99.46549987792969
31.1,0.4456187331695949,-0.3360040183149844,0.20842105263157892,0.02564102564102587,12.350951546,2.650719404220581,0,99.46549987792969
31.1,0.4456187331695949,-0.3360040183149844,0.20842105263157892,0.02564102564102587,12.350951546,2.650719404220581,0,99.46549987792969
31.1,0.44846662568975715,-0.34250185464546223,0.20842105263157892,0.02564102564102587,12.345692625,2.650719404220581,0,99.46549987792969
31.1,0.44846662568975715,-0.34250185464546223,0.21999999999999997,0.02564102564102587,12.345692625,2.650719404220581,0,99.46549987792969
31.1,0.44846662568975715,-0.34250185464546223,0.21999999999999997,0.02564102564102587,12.345692625,2.650719404220581,0,99.46549987792969
31.200000000000003,0.44846662568975715,-0.34250185464546223,0.21999999999999997,0.02564102564102587,12.345692625,2.650719404220581,0,99.46549987792969
31.200000000000003,0.4513043246098798,-0.348995393011456,0.21999999999999997,0.02564102564102587,12.349542861,2.650719404220581,0,99.46549987792969
31.200000000000003,0.4513043246098798,-0.348995393011456,0.21999999999999997,0.02564102564102587,12.349542861,2.650719404220581,0,99.46549987792969
31.200000000000003,0.4513043246098798,-0.348995393011456,0.21999999999999997,0.02564102564102587,12.30804438,2.6418120861053467,0,99.46549987792969
31.200000000000003,0.4543186281223679,-0.3558422738465351,0.21999999999999997,0.02564102564102587,12.233995626,2.6418120861053467,0,99.46549987792969
31.200000000000003,0.4543186281223679,-0.3558422738465351,0.21999999999999997,0.02564102564102587,12.233995626,2.6418120861053467,0,99.46549987792969
31.200000000000003,0.4543186281223679,-0.3558422738465351,0.21999999999999997,0.02564102564102587,12.233995626,2.6418120861053467,0,99.46549987792969
31.200000000000003,0.457324193665561,-0.36269324407390524,0.21999999999999997,0.02564102564102587,12.230303143,2.6418120861053467,0,99.46549987792969
31.200000000000003,0.457324193665561,-0.36269324407390524,0.21999999999999997,0.02564102564102587,12.230303143,2.6418120861053467,0,99.46549987792969
31.200000000000003,0.457324193665561,-0.36269324407390524,0.20842105263157892,0.07692307692307715,12.230303143,2.6418120861053467,0,99.46549987792969
31.3,0.457324193665561,-0.36269324407390524,0.20842105263157892,0.07692307692307715,12.230303143,2.6418120861053467,0,99.46549987792969
31.3,0.457324193665561,-0.36269324407390524,0.20842105263157892,0.07692307692307715,12.230303143,2.6418120861053467,0,99.46549987792969
31.3,0.4603174542487891,-0.36954315637265056,0.20842105263157892,0.07692307692307715,12.23003916,2.6418120861053467,0,99.46549987792969
31.3,0.4603174542487891,-0.36954315637265056,0.20842105263157892,0.07692307692307715,12.23003916,2.6418120861053467,0,99.46549987792969
31.3,0.4603174542487891,-0.36954315637265056,0.20842105263157892,0.07692307692307715,12.23003916,2.6418120861053467,0,99.46549987792969
31.3,0.4603174542487891,-0.36954315637265056,0.20842105263157892,0.07692307692307715,12.23003916,2.6418120861053467,0,99.46549987792969
31.3,0.4631681358845696,-0.3760258065016935,0.20842105263157892,0.07692307692307715,12.303684658,2.6418120861053467,0,99.46549987792969
31.3,0.4631681358845696,-0.3760258065016935,0.20842105263157892,0.07692307692307715,12.303684658,2.6418120861053467,0,99.46549987792969
31.3,0.4631681358845696,-0.3760258065016935,0.21999999999999997,0.12820512820512842,12.303684658,2.6418120861053467,0,99.46549987792969
31.3,0.4660254660694194,-0.3825035915467139,0.21999999999999997,0.12820512820512842,12.377443465,2.6418120861053467,0,99.46549987792969
31.3,0.4660254660694194,-0.3825035915467139,0.21999999999999997,0.12820512820512842,12.377443465,2.6418120861053467,0,99.46549987792969
31.3,0.4660254660694194,-0.3825035915467139,0.21999999999999997,0.12820512820512842,12.377443465,2.6418120861053467,0,99.46549987792969
31.400000000000002,0.4660254660694194,-0.3825035915467139,0.21999999999999997,0.12820512820512842,12.377443465,2.6418120861053467,0,99.46549987792969
31.400000000000002,0.4690488938747741,-0.3893364370188761,0.21999999999999997,0.12820512820512842,12.37500265,2.6418120861053467,0,99.46549987792969
31.400000000000002,0.4690488938747741,-0.3893364370188761,0.21999999999999997,0.12820512820512842,12.37500265,2.6418120861053467,0,99.46549987792969
31.400000000000002,0.4690488938747741,-0.3893364370188761,0.21999999999999997,0.12820512820512842,12.37500265,2.6418120861053467,0,99.46549987792969
31.400000000000002,0.4720925270592462,-0.3961560997666339,0.21999999999999997,0.12820512820512842,12.070755492,2.5918121337890625,0,99.46549987792969
31.400000000000002,0.4720925270592462,-0.3961560997666339,0.21999999999999997,0.12820512820512842,12.070755492,2.5918121337890625,0,99.46549987792969
31.400000000000002,0.4720925270592462,-0.3961560997666339,0.21999999999999997,0.07692307692307715,12.070755492,2.5918121337890625,0,99.46549987792969
31.400000000000002,0.4720925270592462,-0.3961560997666339,0.21999999999999997,0.07692307692307715,12.070755492,2.5918121337890625,0,99.46549987792969
31.400000000000002,0.47516777637484786,-0.40296114601792565,0.21999999999999997,0.07692307692307715,12.003816926,2.5918121337890625,0,99.46549987792969
31.500000000000004,0.47516777637484786,-0.40296114601792565,0.21999999999999997,0.07692307692307715,12.003816926,2.5918121337890625,0,99.35480499267578
31.500000000000004,0.47516777637484786,-0.40296114601792565,0.21999999999999997,0.07692307692307715,12.003816926,2.5918121337890625,0,99.35480499267578
31.500000000000004,0.4782755640106262,-0.4097559213291855,0.21999999999999997,0.07692307692307715,11.934761704,2.5918121337890625,0,99.35480499267578
31.500000000000004,0.4782755640106262,-0.4097559213291855,0.21999999999999997,0.07692307692307715,11.934761704,2.5918121337890625,0,99.35480499267578
31.500000000000004,0.4782755640106262,-0.4097559213291855,0.21999999999999997,0.07692307692307715,11.934761704,2.5918121337890625,0,99.35480499267578
31.500000000000004,0.4813996495623556,-0.41654679986247223,0.21999999999999997,0.07692307692307715,11.934761704,2.5918121337890625,0,99.35480499267578
31.500000000000004,0.4813996495623556,-0.41654679986247223,0.21999999999999997,0.07692307692307715,11.934126402,2.5918121337890625,0,99.35480499267578
31.500000000000004,0.4813996495623556,-0.41654679986247223,0.20842105263157892,0.07692307692307715,11.934126402,2.5918121337890625,0,99.35480499267578
31.500000000000004,0.4813996495623556,-0.41654679986247223,0.20842105263157892,0.07692307692307715,11.934126402,2.5918121337890625,0,99.35480499267578
31.500000000000004,0.48453538768356563,-0.42333215834022886,0.20842105263157892,0.07692307692307715,11.934606295,2.5918121337890625,0,99.35480499267578
31.500000000000004,0.48453538768356563,-0.42333215834022886,0.20842105263157892,0.07692307692307715,11.934606295,2.5918121337890625,0,99.35480499267578
31.6,0.48453538768356563,-0.42333215834022886,0.20842105263157892,0.07692307692307715,11.934606295,2.5918121337890625,0,99.35480499267578
31.6,0.4875258378508298,-0.4297544196336419,0.20842105263157892,0.07692307692307715,12.002605019,2.5918121337890625,0,99.35480499267578
31.6,0.4875258378508298,-0.4297544196336419,0.20842105263157892,0.07692307692307715,12.002605019,2.5918121337890625,0,99.35480499267578
31.6,0.4875258378508298,-0.4297544196336419,0.20842105263157892,0.07692307692307715,12.002605019,2.5918121337890625,0,99.35480499267578
31.6,0.4875258378508298,-0.4297544196336419,0.20842105263157892,0.07692307692307715,12.002605019,2.5918121337890625,0,99.35480499267578
31.6,0.4905308385159115,-0.4361702165131135,0.20842105263157892,0.07692307692307715,11.999497956,2.5918121337890625,0,99.35480499267578
31.6,0.4905308385159115,-0.4361702165131135,0.21999999999999997,0.0,11.999497956,2.5918121337890625,0,99.35480499267578
31.6,0.4905308385159115,-0.4361702165131135,0.21999999999999997,0.0,11.999497956,2.5918121337890625,0,99.35480499267578
31.6,0.49354887653257506,-0.44258017717061493,0.21999999999999997,0.0,11.999497956,2.5918121337890625,0,99.35480499267578
31.6,0.49354887653257506,-0.44258017717061493,0.21999999999999997,0.0,11.768254207,2.5418121814727783,0,99.35480499267578
31.700000000000003,0.49354887653257506,-0.44258017717061493,0.21999999999999997,0.0,11.768254207,2.5418121814727783,0,99.35480499267578
31.700000000000003,0.49354887653257506,-0.44258017717061493,0.21999999999999997,0.0,11.768254207,2.5418121814727783,0,99.35480499267578
31.700000000000003,0.49675261946876503,-0.4493427711909601,0.21999999999999997,0.0,11.769458646,2.5418121814727783,0,99.35480499267578
31.700000000000003,0.49675261946876503,-0.4493427711909601,0.21999999999999997,0.0,11.769458646,2.5418121814727783,0,99.35480499267578
31.700000000000003,0.49675261946876503,-0.4493427711909601,0.21999999999999997,0.0,11.769458646,2.5418121814727783,0,99.35480499267578
31.700000000000003,0.49675261946876503,-0.4493427711909601,0.21999999999999997,0.0,11.769458646,2.5418121814727783,0,99.35480499267578
31.700000000000003,0.49995289495743633,-0.456109862064659,0.21999999999999997,0.12820512820512842,11.765436685000001,2.5418121814727783,0,99.35480499267578
31.700000000000003,0.49995289495743633,-0.456109862064659,0.21999999999999997,0.12820512820512842,11.765436685000001,2.5418121814727783,0,99.35480499267578
31.700000000000003,0.49995289495743633,-0.456109862064659,0.21999999999999997,0.12820512820512842,11.765436685000001,2.5418121814727783,0,99.35480499267578
31.700000000000003,0.5031419600903797,-0.4628799336875995,0.21999999999999997,0.12820512820512842,11.763054531,2.5418121814727783,0,99.35480499267578
31.700000000000003,0.5031419600903797,-0.4628799336875995,0.21999999999999997,0.12820512820512842,11.763054531,2.5418121814727783,0,99.35480499267578
31.8,0.5031419600903797,-0.4628799336875995,0.21999999999999997,0.12820512820512842,11.763054531,2.5418121814727783,0,99.35480499267578
31.8,0.5031419600903797,-0.4628799336875995,0.21999999999999997,0.12820512820512842,11.763054531,2.5418121814727783,0,99.35480499267578
31.8,0.5063369358478025,-0.4696396683000593,0.21999999999999997,0.12820512820512842,11.760767204,2.5418121814727783,0,99.35480499267578
31.8,0.5063369358478025,-0.4696396683000593,0.21999999999999997,0.12820512820512842,11.760767204,2.5418121814727783,0,99.35480499267578
31.8,0.5063369358478025,-0.4696396683000593,0.21999999999999997,0.12820512820512842,11.760767204,2.5418121814727783,0,99.35480499267578
31.8,0.5063369358478025,-0.4696396683000593,0.21999999999999997,0.12820512820512842,11.760767204,2.5418121814727783,0,99.35480499267578
31.8,0.5095616557414429,-0.4763795356533552,0.21999999999999997,0.12820512820512842,11.760767204,2.5418121814727783,0,99.35480499267578
31.8,0.5095616557414429,-0.4763795356533552,0.21999999999999997,0.12820512820512842,11.760767204,2.5418121814727783,0,99.35480499267578
31.8,0.5095616557414429,-0.4763795356533552,0.21999999999999997,0.12820512820512842,11.761817294,2.5418121814727783,0,99.35480499267578
31.8,0.5128218481778228,-0.48310190152129595,0.21999999999999997,0.12820512820512842,11.762953403000001,2.5418121814727783,0,99.35480499267578
31.8,0.5128218481778228,-0.48310190152129595,0.21999999999999997,0.12820512820512842,11.762953403000001,2.5418121814727783,0,99.35480499267578
31.900000000000002,0.5128218481778228,-0.48310190152129595,0.21999999999999997,0.12820512820512842,11.762953403000001,2.5418121814727783,0,99.35480499267578
31.900000000000002,0.5128218481778228,-0.48310190152129595,0.21999999999999997,0.12820512820512842,11.762953403000001,2.5418121814727783,0,99.35480499267578
31.900000000000002,0.5161087115363923,-0.4898122561402508,0.21999999999999997,0.12820512820512842,11.695576653,2.5418121814727783,0,99.35480499267578
31.900000000000002,0.5161087115363923,-0.4898122561402508,0.21999999999999997,0.12820512820512842,11.695576653,2.5418121814727783,0,99.35480499267578
31.900000000000002,0.5161087115363923,-0.4898122561402508,0.21999999999999997,0.12820512820512842,11.695576653,2.5418121814727783,0,99.35480499267578
31.900000000000002,0.5194210548599498,-0.49650728627603713,0.20842105263157892,0.07692307692307715,11.292898171000001,2.468205451965332,0,99.35480499267578
31.900000000000002,0.5194210548599498,-0.49650728627603713,0.20842105263157892,0.07692307692307715,11.292898171000001,2.468205451965332,0,99.35480499267578
31.900000000000002,0.5194210548599498,-0.49650728627603713,0.20842105263157892,0.07692307692307715,11.292898171000001,2.468205451965332,0,99.35480499267578
31.900000000000002,0.5225874192699,-0.5028386037813962,0.20842105263157892,0.07692307692307715,11.292898171000001,2.468205451965332,0,99.35480499267578
31.900000000000002,0.5225874192699,-0.5028386037813962,0.20842105263157892,0.07692307692307715,11.292190881,2.468205451965332,0,99.35480499267578
32.0,0.5225874192699,-0.5028386037813962,0.20842105263157892,0.07692307692307715,11.292190881,2.468205451965332,0,99.2442398071289
32.0,0.5225874192699,-0.5028386037813962,0.20842105263157892,0.07692307692307715,11.292190881,2.468205451965332,0,99.2442398071289
32.0,0.5257677800654657,-0.509166507222314,0.20842105263157892,0.07692307692307715,11.357708605,2.468205451965332,0,99.2442398071289
32.0,0.5257677800654657,-0.509166507222314,0.20842105263157892,0.07692307692307715,11.357708605,2.468205451965332,0,99.2442398071289
32.0,0.5257677800654657,-0.509166507222314,0.19684210526315787,0.07692307692307715,11.357708605,2.468205451965332,0,99.2442398071289
32.0,0.5289561280242261,-0.5154874909943795,0.19684210526315787,0.07692307692307715,11.357708605,2.468205451965332,0,99.2442398071289
32.0,0.5289561280242261,-0.5154874909943795,0.19684210526315787,0.07692307692307715,11.4265212,2.468205451965332,0,99.2442398071289
32.0,0.5289561280242261,-0.5154874909943795,0.19684210526315787,0.07692307692307715,11.4265212,2.468205451965332,0,99.2442398071289
32.0,0.5289561280242261,-0.5154874909943795,0.19684210526315787,0.07692307692307715,11.4265212,2.468205451965332,0,99.2442398071289
32.0,0.5319859417718986,-0.5214479197760405,0.19684210526315787,0.07692307692307715,11.560747114,2.468205451965332,0,99.2442398071289
32.1,0.5319859417718986,-0.5214479197760405,0.19684210526315787,0.07692307692307715,11.560747114,2.468205451965332,0,99.2442398071289
32.1,0.5319859417718986,-0.5214479197760405,0.19684210526315787,0.07692307692307715,11.560747114,2.468205451965332,0,99.2442398071289
32.1,0.5319859417718986,-0.5214479197760405,0.19684210526315787,0.07692307692307715,11.560747114,2.468205451965332,0,99.2442398071289
32.1,0.5350317394544402,-0.5274025517434539,0.19684210526315787,0.07692307692307715,11.699244588,2.468205451965332,0,99.2442398071289
32.1,0.5350317394544402,-0.5274025517434539,0.21999999999999997,0.23692307692307715,11.699244588,2.468205451965332,0,99.2442398071289
32.1,0.5350317394544402,-0.5274025517434539,0.21999999999999997,0.23692307692307715,11.699244588,2.468205451965332,0,99.2442398071289
32.1,0.5380890266870757,-0.5333509481427238,0.21999999999999997,0.23692307692307715,11.840080339,2.468205451965332,0,99.2442398071289
32.1,0.5380890266870757,-0.5333509481427238,0.21999999999999997,0.23692307692307715,11.840080339,2.468205451965332,0,99.2442398071289
32.1,0.5380890266870757,-0.5333509481427238,0.21999999999999997,0.23692307692307715,11.840080339,2.468205451965332,0,99.2442398071289
32.1,0.5380890266870757,-0.5333509481427238,0.21999999999999997,0.2820512820512822,11.840080339,2.468205451965332,0,99.2442398071289
32.2,0.5415110960299943,-0.5399503158335476,0.21999999999999997,0.2820512820512822,11.849544205,2.468205451965332,0,99.2442398071289
32.2,0.5415110960299943,-0.5399503158335476,0.21999999999999997,0.2820512820512822,11.849544205,2.468205451965332,0,99.2442398071289
32.2,0.5415110960299943,-0.5399503158335476,0.21999999999999997,0.2820512820512822,11.849544205,2.468205451965332,0,99.2442398071289
32.2,0.5415110960299943,-0.5399503158335476,0.21999999999999997,0.2820512820512822,11.849544205,2.468205451965332,0,99.2442398071289
32.2,0.5449986178621922,-0.5465446116361369,0.21999999999999997,0.12820512820512842,11.854693327,2.468205451965332,0,99.2442398071289
32.2,0.5449986178621922,-0.5465446116361369,0.21999999999999997,0.12820512820512842,11.854693327,2.468205451965332,0,99.2442398071289
32.2,0.5449986178621922,-0.5465446116361369,0.21999999999999997,0.12820512820512842,11.854693327,2.468205451965332,0,99.2442398071289
32.2,0.5485603921536517,-0.5530980968854237,0.21999999999999997,0.12820512820512842,11.616136369,2.4182052612304688,0,99.2442398071289
32.2,0.5485603921536517,-0.5530980968854237,0.21999999999999997,0.12820512820512842,11.616136369,2.4182052612304688,0,99.2442398071289
32.2,0.5485603921536517,-0.5530980968854237,0.21999999999999997,0.12820512820512842,11.616136369,2.4182052612304688,0,99.2442398071289
32.2,0.5485603921536517,-0.5530980968854237,0.21999999999999997,0.12820512820512842,11.616136369,2.4182052612304688,0,99.2442398071289
32.300000000000004,0.5508934252904232,-0.5588721640533081,0.21999999999999997,0.12820512820512842,11.552570253,2.4182052612304688,0,99.2442398071289
32.300000000000004,0.5508934252904232,-0.5588721640533081,0.21999999999999997,0.12820512820512842,11.552570253,2.4182052612304688,0,99.2442398071289
32.300000000000004,0.5508934252904232,-0.5588721640533081,0.21999999999999997,0.12820512820512842,11.552570253,2.4182052612304688,0,99.2442398071289
32.300000000000004,0.5508934252904232,-0.5588721640533081,0.21999999999999997,0.12820512820512842,11.552570253,2.4182052612304688,0,99.2442398071289
32.300000000000004,0.5529753191527502,-0.5645287334156956,0.20842105263157892,0.28820512820512845,11.483066337,2.4182052612304688,0,99.2442398071289
32.300000000000004,0.5529753191527502,-0.5645287334156956,0.20842105263157892,0.28820512820512845,11.483066337,2.4182052612304688,0,99.2442398071289
32.300000000000004,0.5529753191527502,-0.5645287334156956,0.20842105263157892,0.28820512820512845,11.483066337,2.4182052612304688,0,99.2442398071289
32.300000000000004,0.5548522564081075,-0.5697935371695337,0.20842105263157892,0.28820512820512845,11.493169627,2.4182052612304688,0,99.2442398071289
32.300000000000004,0.5548522564081075,-0.5697935371695337,0.20842105263157892,0.28820512820512845,11.493169627,2.4182052612304688,0,99.2442398071289
32.300000000000004,0.5548522564081075,-0.5697935371695337,0.20842105263157892,0.38461538461538475,11.493169627,2.4182052612304688,0,99.2442398071289
32.300000000000004,0.5548522564081075,-0.5697935371695337,0.20842105263157892,0.38461538461538475,11.493169627,2.4182052612304688,0,99.2442398071289
32.4,0.556803339298483,-0.5750408452217417,0.20842105263157892,0.38461538461538475,11.429008325,2.4182052612304688,0,99.2442398071289
32.4,0.556803339298483,-0.5750408452217417,0.20842105263157892,0.38461538461538475,11.429008325,2.4182052612304688,0,99.2442398071289
32.4,0.556803339298483,-0.5750408452217417,0.20842105263157892,0.38461538461538475,11.429008325,2.4182052612304688,0,99.2442398071289
32.4,0.558830023441562,-0.5802463728371703,0.21999999999999997,0.2820512820512822,11.365882546,2.4182052612304688,0,99.2442398071289
32.4,0.558830023441562,-0.5802463728371703,0.21999999999999997,0.2820512820512822,11.365882546,2.4182052612304688,0,99.2442398071289
32.4,0.558830023441562,-0.5802463728371703,0.21999999999999997,0.2820512820512822,11.365882546,2.4182052612304688,0,99.2442398071289
32.4,0.558830023441562,-0.5802463728371703,0.21999999999999997,0.2820512820512822,11.365882546,2.4182052612304688,0,99.2442398071289
32.4,0.5611067056158103,-0.5857286840680758,0.21999999999999997,0.2820512820512822,11.239629407,2.4182052612304688,0,99.2442398071289
32.4,0.5611067056158103,-0.5857286840680758,0.21999999999999997,0.2820512820512822,11.239629407,2.4182052612304688,0,99.2442398071289
32.4,0.5611067056158103,-0.5857286840680758,0.21999999999999997,0.2820512820512822,11.239629407,2.4182052612304688,0,99.2442398071289
32.4,0.5611067056158103,-0.5857286840680758,0.21999999999999997,0.2820512820512822,11.239629407,2.4182052612304688,0,99.2442398071289
32.5,0.5648489912211341,-0.5920396075640659,0.21999999999999997,0.2820512820512822,11.230389212,2.4182052612304688,0,99.14553833007812
32.5,0.5648489912211341,-0.5920396075640659,0.21999999999999997,0.2820512820512822,11.230389212,2.4182052612304688,0,99.14553833007812
32.5,0.5648489912211341,-0.5920396075640659,0.21999999999999997,0.2820512820512822,11.230389212,2.4182052612304688,0,99.14553833007812
32.5,0.5648489912211341,-0.5920396075640659,0.21999999999999997,0.2820512820512822,11.230389212,2.4182052612304688,0,99.14553833007812
32.5,0.5687617124574387,-0.5983906837425452,0.21999999999999997,0.2820512820512822,11.22864242,2.4182052612304688,0,99.14553833007812
32.5,0.5687617124574387,-0.5983906837425452,0.21999999999999997,0.2820512820512822,11.22864242,2.4182052612304688,0,99.14553833007812
32.5,0.5687617124574387,-0.5983906837425452,0.21999999999999997,0.2820512820512822,11.22864242,2.4182052612304688,0,99.14553833007812
32.5,0.57275294177572,-0.6046873202889664,0.21999999999999997,0.2820512820512822,10.943297724,2.3564019203186035,0,99.14553833007812
32.5,0.57275294177572,-0.6046873202889664,0.21999999999999997,0.2820512820512822,10.943297724,2.3564019203186035,0,99.14553833007812
32.5,0.57275294177572,-0.6046873202889664,0.21999999999999997,0.2820512820512822,10.943297724,2.3564019203186035,0,99.14553833007812
32.5,0.57275294177572,-0.6046873202889664,0.21999999999999997,0.2820512820512822,10.943297724,2.3564019203186035,0,99.14553833007812
32.6,0.5768146012714477,-0.6109489039660863,0.21999999999999997,0.2820512820512822,10.939651141,2.3564019203186035,0,99.14553833007812
32.6,0.5768146012714477,-0.6109489039660863,0.21999999999999997,0.3333333333333335,10.939651141,2.3564019203186035,0,99.14553833007812
32.6,0.5768146012714477,-0.6109489039660863,0.21999999999999997,0.3333333333333335,10.939651141,2.3564019203186035,0,99.14553833007812
32.6,0.5768146012714477,-0.6109489039660863,0.21999999999999997,0.3333333333333335,10.939651141,2.3564019203186035,0,99.14553833007812
32.6,0.5809237249536856,-0.6171794306614924,0.21999999999999997,0.3333333333333335,10.94227062,2.3564019203186035,0,99.14553833007812
32.6,0.5809237249536856,-0.6171794306614924,0.21999999999999997,0.3333333333333335,10.94227062,2.3564019203186035,0,99.14553833007812
32.6,0.5809237249536856,-0.6171794306614924,0.21999999999999997,0.3333333333333335,10.94227062,2.3564019203186035,0,99.14553833007812
32.6,0.5809237249536856,-0.6171794306614924,0.21999999999999997,0.3333333333333335,10.94227062,2.3564019203186035,0,99.14553833007812
32.6,0.5850904211398151,-0.6233635227389858,0.21999999999999997,0.3333333333333335,10.87315521,2.3564019203186035,0,99.14553833007812
32.6,0.5850904211398151,-0.6233635227389858,0.21999999999999997,0.3333333333333335,10.87315521,2.3564019203186035,0,99.14553833007812
32.6,0.5850904211398151,-0.6233635227389858,0.21999999999999997,0.3333333333333335,10.87315521,2.3564019203186035,0,99.14553833007812
32.6,0.5850904211398151,-0.6233635227389858,0.20842105263157892,0.3333333333333335,10.87315521,2.3564019203186035,0,99.14553833007812
32.7,0.5893335280223109,-0.6294933574127817,0.20842105263157892,0.3333333333333335,10.87315521,2.3564019203186035,0,99.14553833007812
32.7,0.5893335280223109,-0.6294933574127817,0.20842105263157892,0.3333333333333335,10.810917279,2.3564019203186035,0,99.14553833007812
32.7,0.5893335280223109,-0.6294933574127817,0.20842105263157892,0.3333333333333335,10.810917279,2.3564019203186035,0,99.14553833007812
32.7,0.5893335280223109,-0.6294933574127817,0.20842105263157892,0.3333333333333335,10.810917279,2.3564019203186035,0,99.14553833007812
32.7,0.5934228057243909,-0.6352596612496932,0.20842105263157892,0.3333333333333335,10.810917279,2.3564019203186035,0,99.14553833007812
32.7,0.5934228057243909,-0.6352596612496932,0.20842105263157892,0.3333333333333335,10.808286441,2.3564019203186035,0,99.14553833007812
32.7,0.5934228057243909,-0.6352596612496932,0.20842105263157892,0.3333333333333335,10.808286441,2.3564019203186035,0,99.14553833007812
32.7,0.5934228057243909,-0.6352596612496932,0.20842105263157892,0.3333333333333335,10.808286441,2.3564019203186035,0,99.14553833007812
32.7,0.5975621060582077,-0.6409918414444071,0.20842105263157892,0.3333333333333335,10.866706693,2.3564019203186035,0,99.14553833007812
32.7,0.5975621060582077,-0.6409918414444071,0.21999999999999997,0.17333333333333348,10.866706693,2.3564019203186035,0,99.14553833007812
32.7,0.5975621060582077,-0.6409918414444071,0.21999999999999997,0.17333333333333348,10.866706693,2.3564019203186035,0,99.14553833007812
32.800000000000004,0.6017577310374296,-0.6466743406400584,0.21999999999999997,0.17333333333333348,10.866706693,2.3564019203186035,0,99.14553833007812
32.800000000000004,0.6017577310374296,-0.6466743406400584,0.21999999999999997,0.17333333333333348,10.933143279,2.3564019203186035,0,99.14553833007812
32.800000000000004,0.6017577310374296,-0.6466743406400584,0.21999999999999997,0.12820512820512842,10.933143279,2.3564019203186035,0,99.14553833007812
32.800000000000004,0.6017577310374296,-0.6466743406400584,0.21999999999999997,0.12820512820512842,10.933143279,2.3564019203186035,0,99.14553833007812
32.800000000000004,0.6062618139011062,-0.6526273874745203,0.21999999999999997,0.12820512820512842,10.928443131,2.3564019203186035,0,99.14553833007812
32.800000000000004,0.6062618139011062,-0.6526273874745203,0.21999999999999997,0.12820512820512842,10.928443131,2.3564019203186035,0,99.14553833007812
32.800000000000004,0.6062618139011062,-0.6526273874745203,0.21999999999999997,0.12820512820512842,10.928443131,2.3564019203186035,0,99.14553833007812
32.800000000000004,0.6062618139011062,-0.6526273874745203,0.21999999999999997,0.12820512820512842,10.928443131,2.3564019203186035,0,99.14553833007812
32.800000000000004,0.6107949970762674,-0.6585793531976187,0.21999999999999997,0.07692307692307715,10.595068774,2.285691261291504,0,99.14553833007812
32.800000000000004,0.6107949970762674,-0.6585793531976187,0.21999999999999997,0.07692307692307715,10.595068774,2.285691261291504,0,99.14553833007812
32.800000000000004,0.6107949970762674,-0.6585793531976187,0.21999999999999997,0.07692307692307715,10.595068774,2.285691261291504,0,99.14553833007812
32.9,0.6107949970762674,-0.6585793531976187,0.21999999999999997,0.07692307692307715,10.595068774,2.285691261291504,0,99.14553833007812
32.9,0.6153248620344736,-0.66452685128447,0.21999999999999997,0.07692307692307715,10.596051407000001,2.285691261291504,0,99.14553833007812
32.9,0.6153248620344736,-0.66452685128447,0.21999999999999997,0.07692307692307715,10.596051407000001,2.285691261291504,0,99.14553833007812
32.9,0.6153248620344736,-0.66452685128447,0.21999999999999997,0.07692307692307715,10.596051407000001,2.285691261291504,0,99.14553833007812
32.9,0.6153248620344736,-0.66452685128447,0.21999999999999997,0.07692307692307715,10.596051407000001,2.285691261291504,0,99.14553833007812
32.9,0.6198771695513019,-0.6704514760617859,0.21999999999999997,0.07692307692307715,10.594186219000001,2.285691261291504,0,99.14553833007812
32.9,0.6198771695513019,-0.6704514760617859,0.21999999999999997,0.12820512820512842,10.594186219000001,2.285691261291504,0,99.14553833007812
32.9,0.6198771695513019,-0.6704514760617859,0.21999999999999997,0.12820512820512842,10.594186219000001,2.285691261291504,0,99.14553833007812
32.9,0.6244535418540427,-0.6763632388925358,0.21999999999999997,0.12820512820512842,10.590292273,2.285691261291504,0,99.14553833007812
32.9,0.6244535418540427,-0.6763632388925358,0.21999999999999997,0.12820512820512842,10.590292273,2.285691261291504,0,99.14553833007812
32.9,0.6244535418540427,-0.6763632388925358,0.21999999999999997,0.12820512820512842,10.590292273,2.285691261291504,0,99.14553833007812
33.0,0.6244535418540427,-0.6763632388925358,0.21999999999999997,0.12820512820512842,10.590292273,2.285691261291504,0,99.04227447509766
33.0,0.6290407215032341,-0.6822661244676704,0.21999999999999997,0.12820512820512842,10.590292273,2.285691261291504,0,99.04227447509766
33.0,0.6290407215032341,-0.6822661244676704,0.21999999999999997,0.12820512820512842,10.588338338,2.285691261291504,0,99.04227447509766
33.0,0.6290407215032341,-0.6822661244676704,0.21999999999999997,0.12820512820512842,10.588338338,2.285691261291504,0,99.04227447509766
33.0,0.6290407215032341,-0.6822661244676704,0.21999999999999997,0.12820512820512842,10.588338338,2.285691261291504,0,99.04227447509766
33.0,0.6336484689847661,-0.6881447737409234,0.21999999999999997,0.12820512820512842,10.526525666,2.285691261291504,0,99.04227447509766
33.0,0.6336484689847661,-0.6881447737409234,0.21999999999999997,0.17948717948717968,10.526525666,2.285691261291504,0,99.04227447509766
33.0,0.6336484689847661,-0.6881447737409234,0.21999999999999997,0.17948717948717968,10.526525666,2.285691261291504,0,99.04227447509766
33.0,0.6382905979931677,-0.6939974943776717,0.21999999999999997,0.17948717948717968,10.526525666,2.285691261291504,0,99.04227447509766
33.0,0.6382905979931677,-0.6939974943776717,0.21999999999999997,0.17948717948717968,10.464467707,2.285691261291504,0,99.04227447509766
33.0,0.6382905979931677,-0.6939974943776717,0.21999999999999997,0.17948717948717968,10.464467707,2.285691261291504,0,99.04227447509766
33.0,0.6382905979931677,-0.6939974943776717,0.21999999999999997,0.17948717948717968,10.464467707,2.285691261291504,0,99.04227447509766
33.1,0.6382905979931677,-0.6939974943776717,0.21999999999999997,0.17948717948717968,10.464467707,2.285691261291504,0,99.04227447509766
33.1,0.6382905979931677,-0.6939974943776717,0.21999999999999997,0.17948717948717968,10.464467707,2.285691261291504,0,99.04227447509766
33.1,0.6382905979931677,-0.6939974943776717,0.21999999999999997,0.17948717948717968,10.464467707,2.285691261291504,0,99.04227447509766
33.1,0.6382905979931677,-0.6939974943776717,0.21999999999999997,0.17948717948717968,10.464467707,2.285691261291504,0,99.04227447509766
33.1,0.6429593432541227,-0.6998306210581156,0.21999999999999997,0.07692307692307715,10.174185425,2.2356913089752197,0,99.04227447509766
33.1,0.6429593432541227,-0.6998306210581156,0.21999999999999997,0.07692307692307715,10.174185425,2.2356913089752197,0,99.04227447509766
33.1,0.6429593432541227,-0.6998306210581156,0.21999999999999997,0.07692307692307715,10.174185425,2.2356913089752197,0,99.04227447509766
33.1,0.6429593432541227,-0.6998306210581156,0.21999999999999997,0.07692307692307715,10.174185425,2.2356913089752197,0,99.04227447509766
33.1,0.6476561674101735,-0.7056397817695181,0.21999999999999997,0.07692307692307715,10.17625659,2.2356913089752197,0,99.04227447509766
33.1,0.6476561674101735,-0.7056397817695181,0.21999999999999997,0.07692307692307715,10.17625659,2.2356913089752197,0,99.04227447509766
33.1,0.6476561674101735,-0.7056397817695181,0.21999999999999997,0.07692307692307715,10.17625659,2.2356913089752197,0,99.04227447509766
33.1,0.6476561674101735,-0.7056397817695181,0.21999999999999997,0.07692307692307715,10.17625659,2.2356913089752197,0,99.04227447509766
33.1,0.6523766693480939,-0.7114374639369541,0.21999999999999997,0.07692307692307715,10.177855834,2.2356913089752197,0,99.04227447509766
33.1,0.6523766693480939,-0.7114374639369541,0.20842105263157892,0.0,10.177855834,2.2356913089752197,0,99.04227447509766
33.1,0.6523766693480939,-0.7114374639369541,0.20842105263157892,0.0,10.177855834,2.2356913089752197,0,99.04227447509766
33.2,0.6523766693480939,-0.7114374639369541,0.20842105263157892,0.0,10.177855834,2.2356913089752197,0,99.04227447509766
33.2,0.6523766693480939,-0.7114374639369541,0.20842105263157892,0.0,10.177855834,2.2356913089752197,0,99.04227447509766
33.2,0.6571044395867105,-0.7172296902266231,0.20842105263157892,0.0,10.176291957,2.2356913089752197,0,99.04227447509766
33.2,0.6571044395867105,-0.7172296902266231,0.20842105263157892,0.0,10.176291957,2.2356913089752197,0,99.04227447509766
33.2,0.6571044395867105,-0.7172296902266231,0.20842105263157892,0.0,10.176291957,2.2356913089752197,0,99.04227447509766
33.2,0.6615957748703332,-0.722706221080373,0.20842105263157892,0.0,10.232678825,2.2356913089752197,0,99.04227447509766
33.2,0.6615957748703332,-0.722706221080373,0.20842105263157892,0.0,10.232678825,2.2356913089752197,0,99.04227447509766
33.2,0.6615957748703332,-0.722706221080373,0.20842105263157892,0.0,10.232678825,2.2356913089752197,0,99.04227447509766
33.2,0.6615957748703332,-0.722706221080373,0.20842105263157892,0.0,10.232678825,2.2356913089752197,0,99.04227447509766
33.2,0.6660985036241396,-0.7281779761607305,0.21999999999999997,-0.02564102564102541,10.290316489,2.2356913089752197,0,99.04227447509766
33.2,0.6660985036241396,-0.7281779761607305,0.21999999999999997,-0.02564102564102541,10.290316489,2.2356913089752197,0,99.04227447509766
33.300000000000004,0.6660985036241396,-0.7281779761607305,0.21999999999999997,-0.02564102564102541,10.290316489,2.2356913089752197,0,99.04227447509766
33.300000000000004,0.6660985036241396,-0.7281779761607305,0.21999999999999997,-0.02564102564102541,10.290316489,2.2356913089752197,0,99.04227447509766
33.300000000000004,0.6708479986606533,-0.7339591720791563,0.21999999999999997,-0.02564102564102541,10.287727337,2.2356913089752197,0,99.04227447509766
33.300000000000004,0.6708479986606533,-0.7339591720791563,0.21999999999999997,-0.02564102564102541,10.287727337,2.2356913089752197,0,99.04227447509766
33.300000000000004,0.6708479986606533,-0.7339591720791563,0.21999999999999997,-0.02564102564102541,10.287727337,2.2356913089752197,0,99.04227447509766
33.300000000000004,0.6755931876306556,-0.7397412936908254,0.21999999999999997,-0.02564102564102541,10.287727337,2.2356913089752197,0,99.04227447509766
33.300000000000004,0.6755931876306556,-0.7397412936908254,0.21999999999999997,-0.02564102564102541,10.286881822,2.2356913089752197,0,99.04227447509766
33.300000000000004,0.6755931876306556,-0.7397412936908254,0.21999999999999997,-0.02564102564102541,10.286881822,2.2356913089752197,0,99.04227447509766
33.300000000000004,0.6755931876306556,-0.7397412936908254,0.20842105263157892,-0.07692307692307669,10.286881822,2.2356913089752197,0,99.04227447509766
33.300000000000004,0.6803375012891941,-0.7455254017528714,0.20842105263157892,-0.07692307692307669,10.000898161,2.1738879680633545,0,99.04227447509766
33.300000000000004,0.6803375012891941,-0.7455254017528714,0.20842105263157892,-0.07692307692307669,10.000898161,2.1738879680633545,0,99.04227447509766
33.4,0.6803375012891941,-0.7455254017528714,0.20842105263157892,-0.07692307692307669,10.000898161,2.1738879680633545,0,99.04227447509766
33.4,0.6803375012891941,-0.7455254017528714,0.20842105263157892,-0.07692307692307669,10.000898161,2.1738879680633545,0,99.04227447509766
33.4,0.6848276893489333,-0.7510132059573473,0.20842105263157892,-0.07692307692307669,10.056590386,2.1738879680633545,0,99.04227447509766
33.4,0.6848276893489333,-0.7510132059573473,0.20842105263157892,-0.07692307692307669,10.056590386,2.1738879680633545,0,99.04227447509766
33.4,0.6848276893489333,-0.7510132059573473,0.20842105263157892,-0.07692307692307669,10.056590386,2.1738879680633545,0,99.04227447509766
33.4,0.6893068726663572,-0.7565106428220236,0.20842105263157892,-0.07692307692307669,10.114552384,2.1738879680633545,0,99.04227447509766
33.4,0.6893068726663572,-0.7565106428220236,0.21999999999999997,-0.12820512820512797,10.114552384,2.1738879680633545,0,99.04227447509766
33.4,0.6893068726663572,-0.7565106428220236,0.21999999999999997,-0.12820512820512797,10.114552384,2.1738879680633545,0,99.04227447509766
33.4,0.6893068726663572,-0.7565106428220236,0.21999999999999997,-0.12820512820512797,10.114552384,2.1738879680633545,0,99.04227447509766
33.4,0.6893068726663572,-0.7565106428220236,0.21999999999999997,-0.12820512820512797,10.114552384,2.1738879680633545,0,99.04227447509766
33.4,0.6937717097600711,-0.7620209405681369,0.21999999999999997,-0.12820512820512797,10.114552384,2.1738879680633545,0,99.04227447509766
33.5,0.6937717097600711,-0.7620209405681369,0.21999999999999997,-0.12820512820512797,10.172580346,2.1738879680633545,0,99.04227447509766
33.5,0.6937717097600711,-0.7620209405681369,0.21999999999999997,-0.12820512820512797,10.172580346,2.1738879680633545,0,98.93208312988281
33.5,0.6984668719411444,-0.7678503794784408,0.21999999999999997,-0.12820512820512797,10.172580346,2.1738879680633545,0,98.93208312988281
33.5,0.6984668719411444,-0.7678503794784408,0.21999999999999997,-0.12820512820512797,10.171419492,2.1738879680633545,0,98.93208312988281
33.5,0.6984668719411444,-0.7678503794784408,0.21999999999999997,-0.12820512820512797,10.171419492,2.1738879680633545,0,98.93208312988281
33.5,0.6984668719411444,-0.7678503794784408,0.21999999999999997,-0.17948717948717924,10.171419492,2.1738879680633545,0,98.93208312988281
33.5,0.7031431339283793,-0.7736968335386774,0.21999999999999997,-0.17948717948717924,10.111584402,2.1738879680633545,0,98.93208312988281
33.5,0.7031431339283793,-0.7736968335386774,0.21999999999999997,-0.17948717948717924,10.111584402,2.1738879680633545,0,98.93208312988281
33.5,0.7031431339283793,-0.7736968335386774,0.21999999999999997,-0.17948717948717924,10.111584402,2.1738879680633545,0,98.93208312988281
33.5,0.7031431339283793,-0.7736968335386774,0.21999999999999997,-0.17948717948717924,10.111584402,2.1738879680633545,0,98.93208312988281
33.5,0.7077935057282845,-0.7795688244809678,0.21999999999999997,-0.17948717948717924,10.052267449,2.1738879680633545,0,98.93208312988281
33.6,0.7124054682945664,-0.7854732794174604,0.21999999999999997,-0.17948717948717924,10.052267449,2.1738879680633545,0,98.93208312988281
33.6,0.7124054682945664,-0.7854732794174604,0.21999999999999997,-0.02564102564102541,10.052267449,2.1738879680633545,0,98.93208312988281
33.6,0.7124054682945664,-0.7854732794174604,0.21999999999999997,-0.02564102564102541,10.052267449,2.1738879680633545,0,98.93208312988281
33.6,0.7124054682945664,-0.7854732794174604,0.21999999999999997,-0.02564102564102541,10.052267449,2.1738879680633545,0,98.93208312988281
